nombre,correo,direccion
Blakeley Hansford,bhansford0@squarespace.com,57 Spenser Pass
Nonie Hakeworth,nhakeworth1@amazonaws.com,08755 Colorado Place
Janeen Skea,jskea2@cafepress.com,48 Hauk Way
Valma McNeachtain,vmcneachtain3@jugem.jp,432 Walton Way
Trueman Chasles,tchasles4@yandex.ru,71979 Dunning Avenue
Mariele Ollerhad,mollerhad5@google.co.jp,69366 Forest Way
Lacie Mahaddie,lmahaddie6@jalbum.net,3 Forest Junction
Ezra Coburn,ecoburn7@usatoday.com,5 Corry Plaza
Lida Ephgrave,lephgrave8@npr.org,2 Sheridan Alley
Verney Ridgwell,vridgwell9@indiatimes.com,003 Banding Point
Jannelle Seaborne,jseabornea@163.com,64646 Logan Pass
Adelind Tomson,atomsonb@4shared.com,6 Luster Street
Hamnet Buxcy,hbuxcyc@meetup.com,14 Thompson Plaza
Ruggiero McIlvenny,rmcilvennyd@redcross.org,2 Manley Place
Hamish Tullot,htullote@jiathis.com,35755 Spaight Lane
Elijah Helks,ehelksf@wikimedia.org,624 Glendale Alley
Correna Tootin,ctooting@bluehost.com,7 Green Ridge Crossing
Bary Congreave,bcongreaveh@nhs.uk,940 Pearson Place
Mel Drysdale,mdrysdalei@nbcnews.com,538 Montana Hill
Tabby Crossan,tcrossanj@arstechnica.com,41 Mitchell Avenue
Fayina Chalfant,fchalfantk@soundcloud.com,5 Loomis Park
Alfie Fillimore,afillimorel@photobucket.com,2 Orin Junction
Cilka Thody,cthodym@sfgate.com,43073 Pleasure Point
Witty Tomsett,wtomsettn@ca.gov,6 Heath Hill
Morlee Masseo,mmasseoo@ftc.gov,8 Canary Trail
Umeko Wraith,uwraithp@de.vu,50232 Service Trail
Donelle Clapison,dclapisonq@clickbank.net,041 Grasskamp Center
Vannie Shears,vshearsr@yellowbook.com,46394 John Wall Pass
Robbert Bantham,rbanthams@craigslist.org,79860 Hintze Pass
Vidovic Zieme,vziemet@digg.com,867 Muir Street
Caria Gerren,cgerrenu@howstuffworks.com,40384 Heath Center
Erhart Muscroft,emuscroftv@vinaora.com,7 Maywood Road
Marrissa Osgordby,mosgordbyw@jigsy.com,2946 Maryland Terrace
Zebulen Camell,zcamellx@mysql.com,30 Amoth Road
Kelcie Mager,kmagery@ocn.ne.jp,329 Nelson Plaza
Maryjo Yurygyn,myurygynz@squarespace.com,47 Michigan Center
Jeffy Edworthie,jedworthie10@examiner.com,5335 Golf View Crossing
Rurik Alfonsetto,ralfonsetto11@sitemeter.com,8323 Daystar Circle
Red Thickens,rthickens12@independent.co.uk,1 Graedel Parkway
Gusta Notti,gnotti13@nbcnews.com,108 Iowa Parkway
Merill Stathor,mstathor14@cdc.gov,52848 Esch Avenue
Alfonse Syred,asyred15@ifeng.com,547 Northview Lane
Loralyn MacGrath,lmacgrath16@sogou.com,42588 Schurz Trail
Daria Andrey,dandrey17@yolasite.com,9 Eagan Drive
Shawnee Stickins,sstickins18@mail.ru,58469 Village Hill
Violette Dudmarsh,vdudmarsh19@rediff.com,8670 Ridge Oak Park
Jean Rame,jrame1a@ow.ly,26 David Court
Nell Lattimer,nlattimer1b@angelfire.com,61 Marcy Trail
Melamie Eltun,meltun1c@google.cn,95590 Maple Plaza
Tuck Ryder,tryder1d@gravatar.com,361 Arrowood Center
Mile Dudley,mdudley1e@prweb.com,7385 Pond Parkway
Everett Cumbes,ecumbes1f@narod.ru,9620 Bartillon Place
Arlee Gillions,agillions1g@phpbb.com,514 Dapin Road
Margit Eberdt,meberdt1h@buzzfeed.com,58 Wayridge Road
Ulrika Covendon,ucovendon1i@ed.gov,95 Hovde Point
Ralina Ruddlesden,rruddlesden1j@tamu.edu,70 Marcy Place
Alford Drissell,adrissell1k@naver.com,9725 Namekagon Way
Loni Ovington,lovington1l@edublogs.org,9 Harbort Lane
Nona Krikorian,nkrikorian1m@fastcompany.com,87 Tennyson Plaza
Kennett Antognelli,kantognelli1n@gizmodo.com,8 Tennyson Court
Orton Brimelow,obrimelow1o@hud.gov,2 Commercial Point
Appolonia Bignal,abignal1p@seesaa.net,5 Grayhawk Street
Denyse Challin,dchallin1q@multiply.com,11 Clove Plaza
Billie Eliet,beliet1r@php.net,16442 Clyde Gallagher Hill
Leia Woodroff,lwoodroff1s@oakley.com,10070 Sycamore Lane
Jeromy Nicholl,jnicholl1t@forbes.com,3282 Fallview Court
Harriot Ferraresi,hferraresi1u@123-reg.co.uk,29459 Stephen Plaza
Camila Seadon,cseadon1v@thetimes.co.uk,852 Susan Pass
Claretta Rappa,crappa1w@friendfeed.com,11 Golf Course Junction
Mellisent Bohike,mbohike1x@jimdo.com,3441 Forest Junction
Chandler Hebborne,chebborne1y@mlb.com,47 Waywood Drive
Jasmine Storey,jstorey1z@artisteer.com,7515 Oak Valley Place
Morgan MacAlpin,mmacalpin20@engadget.com,18 Kenwood Terrace
Nicolle Jakeman,njakeman21@loc.gov,2430 Heffernan Point
Sarah Van der Merwe,svan22@wikispaces.com,18880 Saint Paul Hill
Kliment Scane,kscane23@scribd.com,424 Brentwood Junction
Sherline Poel,spoel24@hostgator.com,72 Eastwood Lane
Imelda McGloughlin,imcgloughlin25@businesswire.com,38 Lakeland Avenue
Esme Else,eelse26@tuttocitta.it,7000 Chive Plaza
Anton Pither,apither27@dedecms.com,2045 Saint Paul Drive
Roseanna Margiotta,rmargiotta28@yahoo.com,15009 Valley Edge Terrace
Merla Stodd,mstodd29@google.nl,61499 Dryden Road
Florance Brightie,fbrightie2a@nba.com,2 Oxford Junction
Constancy Pentecost,cpentecost2b@cam.ac.uk,790 Arkansas Trail
Sonny Jacson,sjacson2c@prlog.org,5031 Arizona Junction
Earlie Zorzetti,ezorzetti2d@lycos.com,0890 Brentwood Road
Oswald Rosie,orosie2e@wunderground.com,0 Utah Place
Tom Rosling,trosling2f@istockphoto.com,17 Crescent Oaks Plaza
Lukas Sallows,lsallows2g@moonfruit.com,39 Springview Drive
Fleming Bisgrove,fbisgrove2h@biblegateway.com,35 Ludington Hill
Jemmy Leverette,jleverette2i@wiley.com,02762 Glendale Street
Chickie Remer,cremer2j@godaddy.com,6 Nancy Way
Scott Bentame,sbentame2k@google.com.br,8803 Cherokee Place
Chiquita Eckford,ceckford2l@t-online.de,00206 Packers Avenue
Rriocard Domke,rdomke2m@imdb.com,6164 Holmberg Lane
Petronia Pristnor,ppristnor2n@discuz.net,8 Milwaukee Trail
Thalia Lorrain,tlorrain2o@mac.com,5379 Sundown Way
Corbet De Domenicis,cde2p@netvibes.com,6 Caliangt Hill
Stanwood Heinreich,sheinreich2q@cdc.gov,6 Shasta Circle
Minetta Bennetts,mbennetts2r@pagesperso-orange.fr,63 Division Terrace
Lenci Cronshaw,lcronshaw2s@engadget.com,2276 Blue Bill Park Point
Domini Morin,dmorin2t@addtoany.com,816 Dwight Point
Katerina Memory,kmemory2u@yelp.com,301 Luster Drive
Doreen Klaff,dklaff2v@deviantart.com,86113 Almo Point
Gladys Fryers,gfryers2w@ftc.gov,36 Cambridge Junction
Brear Clemerson,bclemerson2x@t.co,3187 Mcguire Terrace
Jerry Ovanesian,jovanesian2y@sakura.ne.jp,83 Bobwhite Lane
Modesty Gallymore,mgallymore2z@cafepress.com,5099 Harper Crossing
Travers Doman,tdoman30@imdb.com,977 Cambridge Alley
Eyde Fanthom,efanthom31@princeton.edu,40 Surrey Court
Suellen Gowdy,sgowdy32@livejournal.com,6 Reinke Court
Ebenezer Warboys,ewarboys33@booking.com,8 Ramsey Court
Jordana Bernardelli,jbernardelli34@imdb.com,721 Hoepker Hill
Yolanda Norvell,ynorvell35@washingtonpost.com,4844 Dakota Pass
Ramona Ganderton,rganderton36@163.com,18021 Florence Way
Pablo Goolding,pgoolding37@soundcloud.com,1 Autumn Leaf Alley
Alvis Betchley,abetchley38@is.gd,1026 Luster Way
Jayne Jellyman,jjellyman39@globo.com,53363 Twin Pines Circle
Beaufort Ionesco,bionesco3a@twitter.com,5625 Golden Leaf Plaza
Callean Riddiford,criddiford3b@woothemes.com,025 Mcbride Point
William Pidgeley,wpidgeley3c@exblog.jp,79401 Blue Bill Park Crossing
Merrie Duker,mduker3d@mayoclinic.com,0 Lukken Point
Fey Dobell,fdobell3e@forbes.com,81 Knutson Point
Livvie Grayshan,lgrayshan3f@fotki.com,3 Hollow Ridge Park
Giles Garken,ggarken3g@goo.ne.jp,89438 New Castle Place
Maurits Adamsson,madamsson3h@hugedomains.com,97385 Ohio Way
Blondy Struthers,bstruthers3i@bloglines.com,1 Grover Circle
Calvin Lanney,clanney3j@cloudflare.com,08 North Court
Estella Jeandot,ejeandot3k@google.pl,381 Susan Road
Rosaleen Spaxman,rspaxman3l@washington.edu,9329 Anhalt Center
Bliss Seeger,bseeger3m@umich.edu,2147 Harbort Trail
Finley Devine,fdevine3n@biblegateway.com,08491 Tennessee Street
Beckie Orris,borris3o@friendfeed.com,6053 Haas Lane
Jacquenetta Ferrara,jferrara3p@reference.com,05031 Delladonna Trail
Hillary Firpo,hfirpo3q@bravesites.com,316 Bartelt Point
Dwain Girk,dgirk3r@biblegateway.com,3738 Forest Dale Lane
Marlo Witz,mwitz3s@hao123.com,5215 La Follette Parkway
Garfield Punshon,gpunshon3t@forbes.com,40 Alpine Hill
Pietrek Millberg,pmillberg3u@geocities.com,3 La Follette Alley
Etheline Clinton,eclinton3v@java.com,07687 Goodland Way
Basilius Pike,bpike3w@g.co,42083 Reindahl Alley
Lacee Blamphin,lblamphin3x@about.me,55994 Lakeland Junction
Sharline Causey,scausey3y@army.mil,64454 Nancy Avenue
Kurtis Ortell,kortell3z@examiner.com,7269 International Avenue
Raffaello Pecht,rpecht40@feedburner.com,2100 Dahle Plaza
Binny Hainge,bhainge41@creativecommons.org,1 Welch Street
Georas Trevers,gtrevers42@csmonitor.com,091 Debs Street
Rubia Allsup,rallsup43@shop-pro.jp,41835 Milwaukee Lane
Barris Nigh,bnigh44@goo.ne.jp,4191 Riverside Drive
Morissa Gracewood,mgracewood45@ifeng.com,15253 Oriole Circle
Kendra Pistol,kpistol46@weibo.com,824 Prentice Drive
Yasmeen Banghe,ybanghe47@apple.com,49008 Ludington Drive
Liane Lillow,llillow48@google.de,560 Beilfuss Pass
Glenine Jurasek,gjurasek49@comcast.net,51950 Surrey Circle
Blondell Orth,borth4a@deliciousdays.com,1980 Riverside Park
Glyn Ord,gord4b@latimes.com,36 Dakota Junction
Rubin Meachem,rmeachem4c@last.fm,546 Everett Pass
Fanechka Redemile,fredemile4d@rediff.com,9425 Kim Court
Marthe Tibbits,mtibbits4e@yandex.ru,20043 Saint Paul Court
Andras Holt,aholt4f@cocolog-nifty.com,84880 Macpherson Pass
Pacorro Kinsell,pkinsell4g@studiopress.com,1 Southridge Way
Arabelle Barlthrop,abarlthrop4h@geocities.jp,18753 Service Avenue
Malinde Castagne,mcastagne4i@edublogs.org,6 Eagle Crest Point
Alfons Lynas,alynas4j@t.co,385 Dryden Plaza
Timmy Saull,tsaull4k@hugedomains.com,00749 Florence Center
Stanley Durtnall,sdurtnall4l@washington.edu,713 Graedel Center
Butch Spellecy,bspellecy4m@eventbrite.com,4 Magdeline Pass
Zora Glason,zglason4n@g.co,2353 Eagan Trail
Estell Tafani,etafani4o@webeden.co.uk,942 Jana Terrace
Kyle Blacklidge,kblacklidge4p@indiegogo.com,10480 Pierstorff Junction
Katleen Addeycott,kaddeycott4q@pen.io,979 Brickson Park Trail
Reece Soppett,rsoppett4r@merriam-webster.com,4 Buena Vista Hill
Georgetta Chevers,gchevers4s@utexas.edu,0395 Caliangt Hill
Sara-ann Silby,ssilby4t@cnet.com,9 Beilfuss Avenue
Matt Kynton,mkynton4u@phoca.cz,9 Leroy Street
Herminia Rathmell,hrathmell4v@arizona.edu,5 Anderson Plaza
Tim Ovill,tovill4w@tripod.com,6 Northport Avenue
Gan Verrell,gverrell4x@ed.gov,9205 Golf Pass
Ninon Gadsden,ngadsden4y@unblog.fr,59 Karstens Avenue
Juli Dibner,jdibner4z@adobe.com,36 Weeping Birch Street
Purcell Tapenden,ptapenden50@freewebs.com,3553 Fairview Lane
Rebecca Dancy,rdancy51@bluehost.com,4013 Haas Junction
Thorin McKew,tmckew52@behance.net,664 Sauthoff Alley
Emyle Coey,ecoey53@weebly.com,966 David Avenue
Arlena Matveiko,amatveiko54@mayoclinic.com,38022 Jenifer Place
Robina Dudgeon,rdudgeon55@samsung.com,6259 Sage Street
Gawain Brett,gbrett56@domainmarket.com,08839 Red Cloud Junction
Fawne Kleinfeld,fkleinfeld57@scribd.com,83 Superior Point
Garrick Miall,gmiall58@wufoo.com,0 Forest Place
Farrell Kelsell,fkelsell59@e-recht24.de,00108 West Crossing
Nikolai Carnilian,ncarnilian5a@ucla.edu,746 Shoshone Avenue
Whitney Philipsohn,wphilipsohn5b@live.com,06 Toban Alley
Kennie Bortoli,kbortoli5c@uiuc.edu,552 Jackson Park
Jan Spindler,jspindler5d@wsj.com,0 Grasskamp Alley
Shepard Burgne,sburgne5e@uiuc.edu,913 Lakewood Gardens Avenue
Jackelyn Syphus,jsyphus5f@fc2.com,242 Onsgard Point
Quincy Plevin,qplevin5g@ebay.com,5 Sutteridge Hill
Omar Gooder,ogooder5h@admin.ch,298 Truax Trail
Cory Swatheridge,cswatheridge5i@opera.com,107 Vernon Plaza
Brand Jinks,bjinks5j@com.com,26 Westridge Street
Ellynn Phlippi,ephlippi5k@spotify.com,87596 Fuller Alley
Jared Cuppitt,jcuppitt5l@cdbaby.com,11 Schurz Point
Dahlia Chmarny,dchmarny5m@wix.com,71 Marquette Point
Darius Flanaghan,dflanaghan5n@apache.org,09011 Glacier Hill Crossing
Alexandra Moyse,amoyse5o@ebay.co.uk,78674 Mcguire Pass
Flem Schuster,fschuster5p@redcross.org,03 North Court
Terrance Kuhndel,tkuhndel5q@photobucket.com,50 Bayside Pass
Ivy Morfey,imorfey5r@multiply.com,98 Westport Way
Papageno Crummie,pcrummie5s@amazon.co.jp,3 Aberg Place
Zerk Hargreves,zhargreves5t@bluehost.com,9 Jenna Road
Obidiah Bridgland,obridgland5u@stumbleupon.com,52 Hansons Road
Ann-marie Potkins,apotkins5v@php.net,05 Drewry Crossing
Shalne Scurry,sscurry5w@miitbeian.gov.cn,00309 Helena Crossing
Marga Maccari,mmaccari5x@ameblo.jp,891 Hollow Ridge Court
Melvyn Farnall,mfarnall5y@ocn.ne.jp,52 Pennsylvania Lane
Aline Doxsey,adoxsey5z@gov.uk,8039 Westridge Hill
Roldan Brakewell,rbrakewell60@tripod.com,59511 Schlimgen Plaza
Julissa Peer,jpeer61@google.com,4830 Gulseth Court
Henrieta Ennew,hennew62@illinois.edu,80462 Sage Court
Merralee Edsall,medsall63@angelfire.com,2825 Basil Hill
Kerrin Petherick,kpetherick64@free.fr,247 Glacier Hill Junction
Brodie Kenlin,bkenlin65@patch.com,77691 Algoma Road
Valli Beushaw,vbeushaw66@goo.gl,14 Dennis Road
Alvis Gravells,agravells67@trellian.com,3221 Ohio Alley
Asia Shepstone,ashepstone68@uol.com.br,5557 Rieder Street
Miner Cosin,mcosin69@spiegel.de,3 Sachtjen Road
Artemus Hruska,ahruska6a@ovh.net,16059 Talisman Place
Micheline Gosz,mgosz6b@4shared.com,76 Maryland Point
Michaella Millan,mmillan6c@craigslist.org,9363 Schiller Hill
Adey Bugden,abugden6d@domainmarket.com,44074 Utah Trail
Eolanda Straneo,estraneo6e@delicious.com,74440 7th Plaza
Joela Andreou,jandreou6f@wordpress.com,80 Thompson Drive
Lindsay Whatling,lwhatling6g@cbsnews.com,9 Lindbergh Pass
Silva Van Hove,svan6h@163.com,42 Declaration Street
Clareta Darrigoe,cdarrigoe6i@a8.net,0139 Lakewood Gardens Park
Petronella Boxell,pboxell6j@trellian.com,6 Columbus Park
Ronica Wringe,rwringe6k@hibu.com,7195 Briar Crest Hill
Mikel Bewick,mbewick6l@com.com,068 Basil Street
Neilla Shillingford,nshillingford6m@oaic.gov.au,74 Farwell Pass
Garwood Kennermann,gkennermann6n@netlog.com,68 Melrose Crossing
Borden Dinnington,bdinnington6o@umn.edu,18 Esch Park
Gregor Overton,goverton6p@cisco.com,680 Del Mar Avenue
Theobald Sartin,tsartin6q@intel.com,76819 Claremont Alley
Joannes Suttill,jsuttill6r@admin.ch,52959 Loeprich Lane
Florence Delafont,fdelafont6s@uiuc.edu,89459 Nelson Road
Eliot Macvey,emacvey6t@economist.com,13955 Oak Junction
Brad Wey,bwey6u@netscape.com,531 Helena Parkway
Buck Denisard,bdenisard6v@edublogs.org,3 Veith Way
Leah Driver,ldriver6w@weather.com,60 Briar Crest Circle
Mariette Luscombe,mluscombe6x@blog.com,45880 Fremont Place
Gardener Winward,gwinward6y@utexas.edu,440 Raven Court
Clarey Edmondson,cedmondson6z@ask.com,427 Dakota Crossing
Shelbi Morrieson,smorrieson70@ning.com,12 4th Point
Yolane Hought,yhought71@example.com,24402 Burrows Park
Tim Alison,talison72@examiner.com,2616 Straubel Circle
Raye Caldero,rcaldero73@fda.gov,10 Bowman Place
Cassey Malarkey,cmalarkey74@last.fm,91 Kim Alley
Dehlia Tschierasche,dtschierasche75@guardian.co.uk,0866 Schurz Point
Wandie Hoyle,whoyle76@merriam-webster.com,02003 Grasskamp Alley
Zoe Baterip,zbaterip77@sciencedaily.com,185 Claremont Point
Mohammed Scates,mscates78@reuters.com,1 Nobel Crossing
Brear Schellig,bschellig79@google.co.uk,83524 Buena Vista Hill
Tildie Trulock,ttrulock7a@bizjournals.com,1394 Sullivan Road
Gwendolen Pilger,gpilger7b@people.com.cn,9 Drewry Place
Marthe Wathey,mwathey7c@github.com,374 Oak Valley Point
Charin Absolem,cabsolem7d@skyrock.com,2 Eagan Trail
Ninetta Mount,nmount7e@meetup.com,1520 Pleasure Drive
Leesa Benfield,lbenfield7f@tamu.edu,6 Ramsey Place
Trix Cecil,tcecil7g@dagondesign.com,3 Dryden Crossing
Keen Littlepage,klittlepage7h@merriam-webster.com,24 Rutledge Plaza
Benny Lowy,blowy7i@disqus.com,16 Anthes Junction
Dido Manssuer,dmanssuer7j@foxnews.com,95574 Dorton Parkway
Allegra Care,acare7k@de.vu,1364 Golden Leaf Park
Baxter Gibbard,bgibbard7l@wordpress.org,6 Sherman Trail
Janenna Biddell,jbiddell7m@addthis.com,471 Graceland Pass
Rakel Goodliff,rgoodliff7n@unesco.org,78594 Buhler Crossing
Paton Tanby,ptanby7o@intel.com,577 Mayer Road
Tabbitha Blant,tblant7p@fastcompany.com,378 Memorial Crossing
Kania Folkerts,kfolkerts7q@joomla.org,2 Sauthoff Street
Queenie Tottem,qtottem7r@washington.edu,0640 Meadow Ridge Drive
Myrna Beaulieu,mbeaulieu7s@google.nl,532 Hoard Road
Nealy Rye,nrye7t@prlog.org,130 Annamark Circle
Johannah Guidera,jguidera7u@nsw.gov.au,595 Morning Court
Sonny Clooney,sclooney7v@google.ru,81197 Doe Crossing Lane
Emory Rohlfing,erohlfing7w@prweb.com,17 Corry Crossing
Wallis Buntine,wbuntine7x@sbwire.com,52 Thompson Junction
Dian Cratchley,dcratchley7y@blogtalkradio.com,76376 Utah Plaza
Murvyn Wyeld,mwyeld7z@chronoengine.com,2 Lerdahl Hill
Hildegarde Deevey,hdeevey80@reddit.com,6145 Burning Wood Lane
Kamillah Taudevin,ktaudevin81@multiply.com,4437 7th Point
Cale Nani,cnani82@fotki.com,2332 Eagle Crest Parkway
Egan Semper,esemper83@joomla.org,79029 Lakewood Drive
Amberly McKew,amckew84@examiner.com,60 Scofield Crossing
Wilhelmina Mawer,wmawer85@alibaba.com,72 Sutteridge Hill
Artair Dineen,adineen86@wisc.edu,319 Burning Wood Street
Daisie Caveill,dcaveill87@purevolume.com,20 Sunfield Circle
Ramona Itscovitz,ritscovitz88@typepad.com,937 Sauthoff Circle
Jorry Pinchback,jpinchback89@ihg.com,888 Eggendart Park
Horatius Kyme,hkyme8a@dailymail.co.uk,24 Harper Pass
Britta Mixhel,bmixhel8b@marketwatch.com,8 Waxwing Terrace
Anatola Simonsen,asimonsen8c@mapquest.com,8510 Luster Drive
Mireielle Bidmead,mbidmead8d@plala.or.jp,12101 Armistice Way
Darwin Davisson,ddavisson8e@last.fm,387 Anzinger Park
Marylee Biaggioli,mbiaggioli8f@theguardian.com,83140 Havey Plaza
Rodger Guesford,rguesford8g@google.cn,00 Elgar Parkway
Susi Wickey,swickey8h@smh.com.au,89600 Farmco Crossing
Des Cleaver,dcleaver8i@craigslist.org,766 Larry Terrace
Aveline Corter,acorter8j@netscape.com,2682 Quincy Drive
Ashia Koene,akoene8k@mit.edu,121 Norway Maple Drive
Colette Vauls,cvauls8l@paginegialle.it,3595 Rowland Court
Kane Hodgen,khodgen8m@chicagotribune.com,706 Hudson Avenue
Lissi Garnam,lgarnam8n@yale.edu,439 Hagan Trail
Ellwood Baldelli,ebaldelli8o@sfgate.com,57 Jay Point
Lucia Reven,lreven8p@zimbio.com,72051 Waywood Point
Orv Bettlestone,obettlestone8q@storify.com,9729 Haas Hill
Kerwinn Epple,kepple8r@ehow.com,3277 Kensington Plaza
Zach Stoven,zstoven8s@zdnet.com,88836 Lawn Plaza
Meta Keerl,mkeerl8t@dagondesign.com,087 Saint Paul Court
Barry Hinstock,bhinstock8u@wiley.com,09070 Weeping Birch Court
Vergil Penley,vpenley8v@cam.ac.uk,6635 Sommers Avenue
Lela Caulket,lcaulket8w@woothemes.com,88 Cardinal Hill
Tymothy Alliberton,talliberton8x@zdnet.com,0078 Northwestern Plaza
Gwenore Connell,gconnell8y@theglobeandmail.com,70547 Stoughton Way
Carie Seamons,cseamons8z@wp.com,60064 Ilene Trail
Jeanette Haggis,jhaggis90@si.edu,064 Springview Avenue
Papagena Steiner,psteiner91@ed.gov,125 Corben Circle
Titus Woollam,twoollam92@nytimes.com,35845 Comanche Alley
Newton Cashen,ncashen93@skype.com,1700 Tennyson Terrace
Armin Kobel,akobel94@dailymotion.com,904 Valley Edge Junction
Dew Batting,dbatting95@scribd.com,88099 Warbler Center
Lauryn Ruit,lruit96@wikipedia.org,1 Waywood Place
Babs Ivers,bivers97@ftc.gov,91 Grim Circle
Rikki Whelpdale,rwhelpdale98@comsenz.com,81097 Fisk Road
Dun Dockerty,ddockerty99@nyu.edu,57974 Fieldstone Parkway
Jephthah Burgott,jburgott9a@cnbc.com,37697 Florence Plaza
Vivie Jiras,vjiras9b@narod.ru,7333 Tennessee Plaza
Amelita Rottenbury,arottenbury9c@dmoz.org,28545 Fulton Way
Sidnee Petrichat,spetrichat9d@networkadvertising.org,204 Birchwood Avenue
Evanne Burbridge,eburbridge9e@dailymotion.com,99886 Express Street
Correy Byram,cbyram9f@behance.net,2061 Carey Parkway
Dieter Furst,dfurst9g@cbslocal.com,63312 Warbler Alley
Avictor Laborda,alaborda9h@hc360.com,00294 Pennsylvania Plaza
Nona Lippi,nlippi9i@dropbox.com,94668 Coleman Drive
Bonnee Wickendon,bwickendon9j@feedburner.com,536 Superior Trail
Christos Barbour,cbarbour9k@techcrunch.com,43344 Barnett Center
Candis Reisk,creisk9l@homestead.com,6659 Pepper Wood Avenue
Oralie Dimitrie,odimitrie9m@harvard.edu,47 Killdeer Park
Hersh Kruschov,hkruschov9n@symantec.com,6103 Mesta Avenue
Gerrie Stillert,gstillert9o@canalblog.com,93 Ronald Regan Junction
Cathleen Nagle,cnagle9p@oaic.gov.au,72369 Cottonwood Parkway
Rosalinda McBryde,rmcbryde9q@google.com,936 Brentwood Way
Darrel Carverhill,dcarverhill9r@un.org,2 Crownhardt Pass
Bernie Hancill,bhancill9s@youtube.com,8413 Claremont Drive
Audrie Shah,ashah9t@psu.edu,316 Clove Avenue
Zed Rutigliano,zrutigliano9u@tamu.edu,5413 Lukken Drive
Harmon Mahon,hmahon9v@soup.io,10 Reinke Trail
Abbi Themann,athemann9w@businessweek.com,275 Barby Center
Ash Gornall,agornall9x@nationalgeographic.com,075 Dunning Place
Hyman Treske,htreske9y@netlog.com,627 Victoria Terrace
Zandra Brownsword,zbrownsword9z@slashdot.org,35 Amoth Court
Hyacinthe Gellier,hgelliera0@meetup.com,591 Algoma Plaza
Adolphus Domesday,adomesdaya1@ovh.net,4025 Laurel Drive
Valentina Haycox,vhaycoxa2@mapy.cz,5790 Jay Point
Zebadiah Paxforde,zpaxfordea3@bluehost.com,93490 Green Ridge Street
Harcourt Baskerville,hbaskervillea4@slashdot.org,1 Kingsford Plaza
Ardys Varney,avarneya5@globo.com,9360 Melby Drive
King Branston,kbranstona6@drupal.org,69 Duke Alley
Bibbye Gwynne,bgwynnea7@hostgator.com,448 Bashford Trail
Edy Acheson,eachesona8@phpbb.com,79 Dapin Alley
Kerk Brenstuhl,kbrenstuhla9@so-net.ne.jp,0 Elgar Alley
Bradan Casina,bcasinaaa@edublogs.org,7778 Cascade Road
Marji McCloch,mmcclochab@cnbc.com,22647 Carey Avenue
Ross Lorens,rlorensac@surveymonkey.com,4 Hooker Plaza
Gawen Steutly,gsteutlyad@artisteer.com,81 Pond Street
Mehetabel Handover,mhandoverae@ucsd.edu,4 Thompson Place
Eleni Lipsett,elipsettaf@walmart.com,54 Sycamore Court
Merla Allawy,mallawyag@webmd.com,56 Cottonwood Plaza
Brigham Cruwys,bcruwysah@tinypic.com,5461 Columbus Plaza
Del Cruickshank,dcruickshankai@ehow.com,11075 Marcy Center
Jillie Cavnor,jcavnoraj@kickstarter.com,7 Pierstorff Crossing
Antons Sunshine,asunshineak@miitbeian.gov.cn,07272 Autumn Leaf Parkway
Ivar McAllen,imcallenal@sogou.com,68655 Delladonna Park
Eunice Lissemore,elissemoream@miitbeian.gov.cn,8 Springs Trail
Erina Philps,ephilpsan@example.com,6555 Vidon Alley
Lucina Dangerfield,ldangerfieldao@ycombinator.com,093 Miller Junction
Mureil Malcolm,mmalcolmap@mail.ru,5374 Haas Parkway
Darill Fotherby,dfotherbyaq@toplist.cz,2 Ridgeview Park
Marice Hundley,mhundleyar@soundcloud.com,2 Walton Junction
Vicki Bountiff,vbountiffas@clickbank.net,63 Monument Crossing
Kirstin Sheldon,ksheldonat@springer.com,14 Tennyson Junction
Bord Ginni,bginniau@de.vu,87 Anthes Way
Keenan Bywaters,kbywatersav@4shared.com,9 Ryan Point
Stormie Amerighi,samerighiaw@tumblr.com,54 Darwin Lane
Rikki Carlaw,rcarlawax@mozilla.org,677 Canary Plaza
Shermy Startin,sstartinay@whitehouse.gov,82 Merchant Center
Kipp Gordon,kgordonaz@mit.edu,9677 Kings Avenue
Millard Cahill,mcahillb0@disqus.com,7734 Drewry Circle
Clement Schlagtmans,cschlagtmansb1@dailymail.co.uk,48 Golf Avenue
Juliana Ledgeway,jledgewayb2@mysql.com,8789 Corry Crossing
David Petley,dpetleyb3@edublogs.org,9920 Anzinger Place
Luce Stokoe,lstokoeb4@moonfruit.com,0 Bluejay Point
Dorian Bowsher,dbowsherb5@google.it,672 Dwight Drive
Tailor Babin,tbabinb6@webnode.com,2032 Buhler Road
Gena Bench,gbenchb7@twitpic.com,9 Troy Point
Goldarina Evelyn,gevelynb8@psu.edu,37050 Leroy Lane
Lazar Renowden,lrenowdenb9@cornell.edu,50 Burrows Pass
Hana Siemens,hsiemensba@blinklist.com,8 Armistice Place
Mickie Walbridge,mwalbridgebb@google.de,3 Bashford Drive
Kacy Tonks,ktonksbc@hhs.gov,47078 Atwood Lane
Leilah Eldered,lelderedbd@newyorker.com,649 Eliot Pass
Troy Darlow,tdarlowbe@slashdot.org,305 Carpenter Circle
Josh Borg-Bartolo,jborgbartolobf@blogs.com,33051 Carberry Place
Wilek Scohier,wscohierbg@yahoo.com,0 Doe Crossing Plaza
Mahala Heningham,mheninghambh@umn.edu,973 Mcbride Court
Isis Cosyns,icosynsbi@earthlink.net,2 Graedel Road
Stafford O'Tierney,sotierneybj@smugmug.com,6 Bashford Drive
Babbie Yeulet,byeuletbk@auda.org.au,6 Manitowish Crossing
Barri Owen,bowenbl@twitpic.com,794 Vermont Road
Eada Ings,eingsbm@about.com,1 Anthes Point
Kirstyn Letessier,kletessierbn@archive.org,738 Fieldstone Pass
Gian Stather,gstatherbo@tuttocitta.it,7946 Straubel Terrace
Georgianne Schroeder,gschroederbp@geocities.com,4326 Farragut Circle
Ivie Coney,iconeybq@pagesperso-orange.fr,07997 Utah Trail
Brit Monelle,bmonellebr@surveymonkey.com,193 Claremont Place
Karylin Waggatt,kwaggattbs@biglobe.ne.jp,24003 Menomonie Junction
Kaine Askem,kaskembt@redcross.org,8875 Steensland Circle
Nariko Vance,nvancebu@cbslocal.com,58916 Dennis Court
Janeczka O'Breen,jobreenbv@tinyurl.com,5090 Carioca Alley
Bat Gyves,bgyvesbw@stumbleupon.com,4670 Browning Court
Maury Joss,mjossbx@stumbleupon.com,8 Moulton Plaza
Terrie Desquesnes,tdesquesnesby@walmart.com,38 Hoard Crossing
Hali Impy,himpybz@craigslist.org,581 Helena Court
Zebadiah Felipe,zfelipec0@sciencedirect.com,0212 Towne Park
Dollie Skahill,dskahillc1@biblegateway.com,3839 Monterey Junction
Sara-ann Corby,scorbyc2@apache.org,318 Dottie Crossing
Colly Skillen,cskillenc3@chron.com,4 Esker Crossing
Clerc O'Haire,cohairec4@rakuten.co.jp,0 Cottonwood Way
Cece Belleny,cbellenyc5@fotki.com,66 Superior Crossing
Eddy Saffrin,esaffrinc6@deliciousdays.com,009 New Castle Terrace
Amargo Churly,achurlyc7@smugmug.com,0192 Nobel Pass
Johnathon Sooper,jsooperc8@wordpress.com,859 Trailsway Trail
Terrie Crome,tcromec9@soup.io,0548 North Road
Gallagher Dubose,gduboseca@uiuc.edu,22 Northwestern Pass
Georgy Bikker,gbikkercb@usatoday.com,1349 Rockefeller Avenue
Nancee Spieght,nspieghtcc@wikia.com,99 Glendale Point
Suki Elgee,selgeecd@fema.gov,52154 Scofield Park
Tabb Reeson,treesonce@woothemes.com,4733 Heffernan Junction
Rheba Gockeler,rgockelercf@1688.com,86 Dottie Parkway
Abbie Pakenham,apakenhamcg@addthis.com,23811 Troy Court
Almeria Hamor,ahamorch@godaddy.com,5 Twin Pines Plaza
Melisenda Ferreira,mferreiraci@ebay.co.uk,7820 Corscot Drive
Andreana Canadine,acanadinecj@ft.com,7 Pankratz Street
Hanna Gouch,hgouchck@usgs.gov,8 Duke Plaza
Kris Ales,kalescl@xing.com,943 Grim Park
Isaak Rockcliff,irockcliffcm@cnn.com,1365 Buena Vista Way
Fields Camplen,fcamplencn@statcounter.com,25632 Surrey Crossing
Reiko Glaister,rglaisterco@baidu.com,11 Anzinger Lane
Reinald Rigbye,rrigbyecp@upenn.edu,390 Express Street
Rois Tubbles,rtubblescq@opera.com,80781 Rusk Point
Jenn Klausen,jklausencr@feedburner.com,6041 Evergreen Plaza
Giulio Veivers,gveiverscs@mediafire.com,5 Northview Court
Zara Pagelsen,zpagelsenct@reddit.com,124 Briar Crest Lane
Mahalia Fenelon,mfeneloncu@google.nl,56433 Fulton Terrace
Tibold Seabright,tseabrightcv@dailymotion.com,9 International Court
Charlean Balfe,cbalfecw@symantec.com,85 Forest Alley
Melba Labbez,mlabbezcx@bloglovin.com,70 Gale Court
Levey Beels,lbeelscy@theatlantic.com,4789 Blackbird Avenue
Ede Myrtle,emyrtlecz@youtube.com,318 Fulton Trail
Bea Bontoft,bbontoftd0@yahoo.com,3624 Lerdahl Lane
Odie Leveritt,oleverittd1@hibu.com,61962 Mccormick Lane
Mufi Brandrick,mbrandrickd2@sohu.com,56 Dennis Avenue
Dee dee L'Episcopio,ddeed3@blogger.com,35 Merrick Street
Devan Rathke,drathked4@spiegel.de,297 Heath Junction
Brigit Geroldo,bgeroldod5@delicious.com,0 Northwestern Trail
Emmeline Tolcharde,etolcharded6@pinterest.com,64917 Grasskamp Center
Bonita Petren,bpetrend7@blogs.com,379 Coleman Plaza
Lorant Cordeau,lcordeaud8@google.com.br,6441 Emmet Way
Gideon McRannell,gmcrannelld9@mozilla.com,347 Waxwing Place
Shelagh Bidder,sbidderda@drupal.org,247 Farmco Hill
Cherice Mudie,cmudiedb@japanpost.jp,74397 Farragut Alley
Fin O'Cuddie,focuddiedc@histats.com,2995 Badeau Parkway
Shae Hadwick,shadwickdd@multiply.com,258 Delladonna Terrace
Brew Gerrie,bgerriede@miibeian.gov.cn,99 Blaine Junction
Oona Garbutt,ogarbuttdf@seattletimes.com,4 Moose Way
Moishe Dales,mdalesdg@alexa.com,6 Carey Street
Shelba Lathwell,slathwelldh@xing.com,02296 Bay Crossing
Celene Gerge,cgergedi@apple.com,7 Buell Crossing
Hayley Brigge,hbriggedj@wiley.com,7721 Fordem Terrace
Inna Villa,ivilladk@squarespace.com,2511 Grayhawk Plaza
Corilla Siddens,csiddensdl@reuters.com,2254 Forest Run Drive
Alexa Quixley,aquixleydm@edublogs.org,06 Anthes Trail
Bear Antoniak,bantoniakdn@youtu.be,91337 Vernon Point
Stella Grote,sgrotedo@ezinearticles.com,99 Forest Lane
Koral McCaffery,kmccafferydp@va.gov,65353 Mallory Drive
Porty Richin,prichindq@tiny.cc,9893 Porter Parkway
Hew Van De Cappelle,hvandr@washington.edu,89081 Fulton Crossing
Kassie Ecob,kecobds@mail.ru,3 Glacier Hill Point
Desmund Tollemache,dtollemachedt@google.es,9 Lakewood Gardens Plaza
Clarette Byway,cbywaydu@yahoo.co.jp,8988 Summer Ridge Drive
Shirlene Grinov,sgrinovdv@twitpic.com,6 Harper Park
Christos Conti,ccontidw@nbcnews.com,7 Northport Crossing
Scotty McKeaveney,smckeaveneydx@mozilla.com,5726 Algoma Drive
Filberto Astman,fastmandy@miibeian.gov.cn,7880 Del Mar Alley
Zacharia Creamer,zcreamerdz@whitehouse.gov,82 Namekagon Circle
Hanni Brice,hbricee0@photobucket.com,40 Mitchell Hill
Lavina Wilkennson,lwilkennsone1@kickstarter.com,189 3rd Center
Laurent Overnell,lovernelle2@goo.gl,35197 Paget Parkway
Michaela McBeth,mmcbethe3@godaddy.com,24659 Anzinger Road
Pierson Hammerberg,phammerberge4@icio.us,0117 Express Trail
Dilly Snaden,dsnadene5@wikipedia.org,2 Towne Avenue
Sibeal Goodrich,sgoodriche6@webeden.co.uk,593 Service Alley
Darrell Gulberg,dgulberge7@slate.com,19471 Jackson Junction
Annetta Storrier,astorriere8@gmpg.org,3 Butternut Road
Cordelie Egentan,cegentane9@usda.gov,00261 Ramsey Center
Saree Creighton,screightonea@topsy.com,86 8th Place
Bryna Garforth,bgarfortheb@simplemachines.org,8 Hayes Junction
Frederich Viger,fvigerec@cbc.ca,93565 Colorado Parkway
Cristie Gartell,cgartelled@reference.com,44 Gale Court
Rozamond Vazquez,rvazquezee@discovery.com,5 Butterfield Park
Rawley Maccree,rmaccreeef@comcast.net,01 Declaration Road
Shirlene Yaneev,syaneeveg@bloomberg.com,336 Glendale Court
Arny Louca,aloucaeh@netlog.com,3290 Haas Street
Samara Ginnell,sginnellei@cnet.com,1621 Anhalt Park
Maud Gath,mgathej@acquirethisname.com,966 Division Crossing
Nichol Woodier,nwoodierek@pbs.org,4 Oakridge Circle
Bent Gillio,bgillioel@smugmug.com,68 Dryden Street
Kienan Wentworth,kwentworthem@discovery.com,917 Eliot Point
Neall Mattevi,nmattevien@histats.com,14 Annamark Pass
Leilah Bracchi,lbracchieo@mtv.com,6 Hagan Parkway
Ann Barnish,abarnishep@chicagotribune.com,2195 Grim Point
Cyndy Connochie,cconnochieeq@a8.net,1905 Cardinal Parkway
Joline Grinov,jgrinover@soundcloud.com,2 Brentwood Crossing
Harrison Halbord,hhalbordes@stanford.edu,47 Lakeland Way
Jazmin Endrizzi,jendrizziet@google.cn,964 Milwaukee Point
Kinsley Francesconi,kfrancesconieu@cargocollective.com,32503 Russell Drive
Sibyl Blockwell,sblockwellev@bluehost.com,68003 Transport Point
Dayna Ferreras,dferrerasew@businessweek.com,3874 Browning Alley
Analise Cahn,acahnex@shinystat.com,814 Lighthouse Bay Plaza
Floyd Coldbreath,fcoldbreathey@arizona.edu,82 Briar Crest Trail
Faina Skryne,fskryneez@ustream.tv,4 Mallory Road
Berna Prior,bpriorf0@house.gov,0760 Pennsylvania Crossing
Bette Kettleson,bkettlesonf1@bloomberg.com,698 Browning Crossing
Lyon Shrubsall,lshrubsallf2@mlb.com,87 Brentwood Trail
Elfreda Zuan,ezuanf3@yellowbook.com,46 Novick Center
Idelle Ruspine,iruspinef4@newsvine.com,72882 Park Meadow Pass
Barry Arling,barlingf5@delicious.com,879 Columbus Road
Lissa Babe,lbabef6@clickbank.net,5 Straubel Drive
Arley Shapera,ashaperaf7@google.ru,917 Florence Alley
Tim Fidock,tfidockf8@cam.ac.uk,8 School Parkway
Sigfrid Jerrom,sjerromf9@adobe.com,79 Lotheville Plaza
Mohammed Kenan,mkenanfa@jugem.jp,4787 Heffernan Lane
Ashlan Jirak,ajirakfb@jimdo.com,1097 Mccormick Junction
Barclay Cicculini,bcicculinifc@wiley.com,320 Transport Avenue
Stacee Copestake,scopestakefd@who.int,32359 Vahlen Parkway
Theodosia Saunton,tsauntonfe@yolasite.com,04 Hansons Plaza
Abel Vanyutin,avanyutinff@apple.com,4962 Summerview Place
Nan Crunkhorn,ncrunkhornfg@cdc.gov,53 Anthes Parkway
Ermanno Chitty,echittyfh@ning.com,6966 Lunder Court
Ange Seally,aseallyfi@elpais.com,0311 Heath Lane
Jennette Ellerey,jellereyfj@state.tx.us,3849 Judy Avenue
Gussy Vaudrey,gvaudreyfk@ebay.com,940 Cardinal Drive
Nevins Stalley,nstalleyfl@bloomberg.com,4 Maple Wood Junction
Constantino Nijssen,cnijssenfm@alibaba.com,043 Bartelt Court
Jock Overall,joverallfn@accuweather.com,33 Briar Crest Trail
Gustaf Mattheissen,gmattheissenfo@deviantart.com,370 Roth Junction
Leah Loiterton,lloitertonfp@altervista.org,751 Tony Park
Karissa Tilbey,ktilbeyfq@apache.org,7 Transport Street
Sullivan Ling,slingfr@salon.com,73984 Mosinee Junction
Alisander Matveyev,amatveyevfs@stanford.edu,58985 Drewry Hill
Eileen Craigheid,ecraigheidft@miibeian.gov.cn,589 Lerdahl Center
Lilli Rapin,lrapinfu@msn.com,63844 Esch Point
Jessalin Knewstub,jknewstubfv@wp.com,00326 Mariners Cove Junction
Raquela Shearman,rshearmanfw@ebay.com,89125 Southridge Park
Marielle Purkis,mpurkisfx@admin.ch,77612 Lyons Avenue
Nyssa Kamen,nkamenfy@cnbc.com,0925 Troy Road
Lazare McKee,lmckeefz@independent.co.uk,71 Rusk Circle
Kale Riddel,kriddelg0@paypal.com,1187 Kings Avenue
Kimmy Doumer,kdoumerg1@nsw.gov.au,5988 Bowman Court
Melloney Falkingham,mfalkinghamg2@ed.gov,042 Darwin Trail
Cindee Ramsbotham,cramsbothamg3@statcounter.com,6 Upham Lane
Nertie Coggles,ncogglesg4@nifty.com,6 David Trail
Winny Blankau,wblankaug5@upenn.edu,8 Pleasure Road
Bentlee Maylour,bmaylourg6@mediafire.com,392 Bayside Pass
Diahann Tweedell,dtweedellg7@ameblo.jp,9 Prairieview Center
Rachelle Kovalski,rkovalskig8@multiply.com,7 Portage Hill
Merna Humphery,mhumpheryg9@myspace.com,47817 Hayes Point
Matthiew Lesper,mlesperga@youtube.com,84 Myrtle Alley
Germaine Jeffcoat,gjeffcoatgb@huffingtonpost.com,1549 Shelley Alley
Julianne Waltho,jwalthogc@paginegialle.it,6 Bayside Park
Hyacinthia Dows,hdowsgd@princeton.edu,8744 Esker Way
Brandais Jeffcoat,bjeffcoatge@meetup.com,178 Walton Parkway
Janel De Brett,jdegf@ihg.com,1 Huxley Point
Andonis Briars,abriarsgg@ycombinator.com,2 Rowland Park
Omar Meineking,omeinekinggh@arstechnica.com,16438 Karstens Court
Carly Rugg,crugggi@bbc.co.uk,65 Sachtjen Trail
Roxanna Mancktelow,rmancktelowgj@walmart.com,102 Bluejay Center
Clo Hansford,chansfordgk@youtu.be,56646 Roth Alley
Maible Pride,mpridegl@qq.com,615 Mitchell Drive
Don Snellman,dsnellmangm@chron.com,96 Dryden Alley
Thomasine Matresse,tmatressegn@guardian.co.uk,993 Mitchell Parkway
Errick Malkinson,emalkinsongo@adobe.com,52 Lerdahl Avenue
Rhett Cherm,rchermgp@google.com.br,9420 Independence Crossing
Malanie Losano,mlosanogq@google.de,80651 Twin Pines Parkway
Gustie Shelsher,gshelshergr@house.gov,35582 Almo Trail
Sheryl Wimbush,swimbushgs@ucla.edu,0 Anhalt Hill
Alley Monksfield,amonksfieldgt@patch.com,902 Pepper Wood Plaza
Mehetabel Gyde,mgydegu@nasa.gov,7716 Service Alley
Abbie Ludy,aludygv@weibo.com,291 Division Pass
Gwenette Axten,gaxtengw@t-online.de,1518 8th Terrace
Arlyn Whithorn,awhithorngx@sciencedirect.com,11066 Oxford Park
Carmel Plimmer,cplimmergy@multiply.com,75827 Comanche Lane
Myca Beeke,mbeekegz@craigslist.org,666 Myrtle Avenue
Desdemona McGeachy,dmcgeachyh0@xing.com,766 Mayfield Terrace
Nikita Overlow,noverlowh1@indiegogo.com,02694 Steensland Center
Karilynn Medforth,kmedforthh2@shareasale.com,61003 Marcy Crossing
Chalmers Baudain,cbaudainh3@reverbnation.com,35 Macpherson Place
Cybil Leeson,cleesonh4@bloglines.com,4 Sunbrook Alley
Neila Episcopi,nepiscopih5@domainmarket.com,55 Mariners Cove Circle
Catriona Fallon,cfallonh6@cpanel.net,41 Grasskamp Avenue
Mac Airth,mairthh7@prlog.org,044 Fremont Place
Aldric Ronchi,aronchih8@51.la,589 Dovetail Trail
Ches Luciani,clucianih9@columbia.edu,8623 Heath Way
Ricky Hilland,rhillandha@accuweather.com,041 Melvin Drive
Winifred Gatty,wgattyhb@so-net.ne.jp,19841 Buell Way
Wit Klosa,wklosahc@liveinternet.ru,535 Mcbride Trail
Ree Carlan,rcarlanhd@springer.com,9 Manufacturers Point
Spence Thewys,sthewyshe@cdbaby.com,2 Susan Circle
Lindsey Whatley,lwhatleyhf@ezinearticles.com,092 Truax Terrace
Vitoria Adamowicz,vadamowiczhg@biblegateway.com,2284 Butterfield Hill
Jeramie Kiendl,jkiendlhh@example.com,325 Golden Leaf Trail
Adelbert Osmon,aosmonhi@linkedin.com,82439 Doe Crossing Road
Tildie Paulat,tpaulathj@va.gov,48858 Eastlawn Court
Shurlock Dossettor,sdossettorhk@gizmodo.com,91027 Hazelcrest Park
Trever Bayly,tbaylyhl@umn.edu,7 Nelson Place
Timofei Dowbekin,tdowbekinhm@etsy.com,093 Valley Edge Way
Danielle Thorley,dthorleyhn@sakura.ne.jp,6308 Gina Lane
Randy Gunningham,rgunninghamho@netscape.com,3 Northridge Drive
Isador Jayme,ijaymehp@businesswire.com,898 Dennis Place
Dody Nathan,dnathanhq@google.com.hk,846 Eliot Drive
Maison Robberts,mrobbertshr@lycos.com,245 Hansons Terrace
Matteo Hinemoor,mhinemoorhs@ovh.net,73184 Utah Avenue
Petra Duker,pdukerht@cbc.ca,1419 Main Alley
Charla Clutterham,cclutterhamhu@cdbaby.com,25 Shopko Drive
Nehemiah Wace,nwacehv@zdnet.com,4624 Comanche Parkway
Christiane Marcum,cmarcumhw@pen.io,015 Graedel Lane
Sarita Dyball,sdyballhx@scientificamerican.com,500 Amoth Park
Calypso Clemas,cclemashy@pbs.org,49805 Gale Parkway
Newton Stubbes,nstubbeshz@fema.gov,59884 Rowland Court
Dara Stothard,dstothardi0@europa.eu,79 Birchwood Lane
Lorenza Leftbridge,lleftbridgei1@homestead.com,16108 Clarendon Court
Catlaina Bevens,cbevensi2@trellian.com,3301 Tennyson Center
Gordan Feveryear,gfeveryeari3@infoseek.co.jp,27023 Sommers Plaza
Selia Humbles,shumblesi4@blogtalkradio.com,1723 Cambridge Pass
Zechariah Danilewicz,zdanilewiczi5@sfgate.com,4692 Thierer Crossing
Fraze O'Brogane,fobroganei6@accuweather.com,1 Orin Pass
Robers Aaronsohn,raaronsohni7@noaa.gov,75 Orin Plaza
Artur Downie,adowniei8@issuu.com,0 Packers Junction
Nevsa Bahlmann,nbahlmanni9@facebook.com,8 Spenser Street
Aline Wenzel,awenzelia@hao123.com,9643 Hintze Court
Brianne Kellett,bkellettib@pcworld.com,9883 Lukken Park
Erena Rutter,erutteric@blogger.com,7175 Mallory Crossing
Merill Le Floch,mleid@bing.com,33127 Fair Oaks Avenue
Sharlene Beincken,sbeinckenie@cnn.com,2 Park Meadow Avenue
Mahmoud Povall,mpovallif@examiner.com,62420 Barnett Street
Liuka Cristoforetti,lcristoforettiig@yelp.com,399 5th Junction
Bronson Etchells,betchellsih@dion.ne.jp,22 Aberg Court
Phillipp Pyatt,ppyattii@oracle.com,8679 Elmside Drive
Gawen Donnison,gdonnisonij@diigo.com,53 Bartelt Street
Hynda Rea,hreaik@ocn.ne.jp,1835 Fairview Hill
Krissie Connaughton,kconnaughtonil@about.me,06 Sunnyside Crossing
Barnabas Vyel,bvyelim@hao123.com,5 Spenser Junction
Almira Downage,adownagein@google.nl,1826 Delladonna Circle
Quentin Ateridge,qateridgeio@goo.gl,0977 Manley Park
Winn Lyptrit,wlyptritip@nydailynews.com,49 Farwell Street
Aurore Pengilly,apengillyiq@people.com.cn,46 Cordelia Hill
Sianna Sothcott,ssothcottir@artisteer.com,523 American Plaza
Lionello Wedgbrow,lwedgbrowis@tuttocitta.it,719 Gulseth Avenue
Anjanette Biasetti,abiasettiit@washingtonpost.com,0976 Nelson Avenue
Jeni Bowery,jboweryiu@answers.com,17 Maryland Terrace
Denys Ragge,draggeiv@blogtalkradio.com,6 Tony Place
Nollie Dunckley,ndunckleyiw@163.com,3 Merry Crossing
Sammy Brithman,sbrithmanix@sbwire.com,8489 Towne Avenue
Fritz Ciobutaro,fciobutaroiy@tripadvisor.com,13153 Declaration Drive
Clotilda Fessions,cfessionsiz@ox.ac.uk,17 Hazelcrest Pass
Alisha Lathey,alatheyj0@stanford.edu,1179 Knutson Alley
Trixie Bracer,tbracerj1@liveinternet.ru,30902 Armistice Pass
Vida Farmar,vfarmarj2@github.io,10417 Darwin Lane
Dennie Betchley,dbetchleyj3@nps.gov,17 Tennyson Drive
Shannen Leak,sleakj4@i2i.jp,22079 Russell Pass
Zonnya Biermatowicz,zbiermatowiczj5@si.edu,86511 Lakewood Gardens Place
Thibaud Caltun,tcaltunj6@gov.uk,9391 Loftsgordon Avenue
Aleece Huckle,ahucklej7@washingtonpost.com,2 Shasta Avenue
Boycie Linebarger,blinebargerj8@google.de,9 Maywood Trail
Edithe Kindleside,ekindlesidej9@alibaba.com,90926 Nancy Parkway
Goober Calverd,gcalverdja@yelp.com,8567 Northport Crossing
Jennette La Croce,jlajb@goo.ne.jp,388 Morrow Circle
Janene Ullyatt,jullyattjc@1688.com,05 Dapin Trail
Waylen Beacroft,wbeacroftjd@pinterest.com,9 Hallows Circle
Steffane Heymann,sheymannje@shareasale.com,30 Milwaukee Hill
Palm Haulkham,phaulkhamjf@ucla.edu,14682 Rockefeller Hill
Reed Bartelot,rbartelotjg@miitbeian.gov.cn,03782 Grayhawk Point
Margie Gedney,mgedneyjh@amazon.de,05 Nobel Pass
Kippie Bruster,kbrusterji@unblog.fr,5 Shasta Hill
Ibbie Skelton,iskeltonjj@google.com.hk,24893 Hudson Place
Chadd Pavey,cpaveyjk@163.com,00333 Warrior Crossing
Bordy Wedgwood,bwedgwoodjl@columbia.edu,335 Helena Circle
Adriena Befroy,abefroyjm@ucsd.edu,1 Esker Park
Noah Pietruszewicz,npietruszewiczjn@ameblo.jp,5 5th Pass
Maire Alywin,malywinjo@dmoz.org,41 Homewood Alley
Grethel Flecknoe,gflecknoejp@chronoengine.com,7 Rutledge Avenue
Caressa Ungerer,cungererjq@t.co,10 Lindbergh Drive
Demeter Khalid,dkhalidjr@tripadvisor.com,722 Gateway Center
Dorry Fowle,dfowlejs@umn.edu,924 Burning Wood Hill
Giulio todor,gtodorjt@irs.gov,2099 American Ash Avenue
Addy Dorkens,adorkensju@sourceforge.net,92 Vernon Center
Marlee Cokayne,mcokaynejv@huffingtonpost.com,6 Anthes Crossing
Velma Brislen,vbrislenjw@elegantthemes.com,43636 Northfield Drive
Gillan Couvert,gcouvertjx@illinois.edu,810 Macpherson Trail
Renato Pladen,rpladenjy@livejournal.com,154 Kennedy Center
Isis Sherrell,isherrelljz@nba.com,0 Chive Crossing
Perice Seawright,pseawrightk0@networkadvertising.org,43734 Magdeline Junction
Darla Ducket,dducketk1@japanpost.jp,14 Eggendart Crossing
Robinson Bischop,rbischopk2@barnesandnoble.com,94 Mosinee Lane
Tilly Brade,tbradek3@hubpages.com,237 Bobwhite Pass
Sapphire Hirche,shirchek4@admin.ch,22 Pankratz Parkway
Dita Wearne,dwearnek5@reference.com,187 Sachtjen Drive
Allistir Gerhold,agerholdk6@timesonline.co.uk,61538 Weeping Birch Place
Nicola Tangye,ntangyek7@dedecms.com,7786 Lillian Trail
Herbie Mallinar,hmallinark8@joomla.org,77530 Hauk Crossing
Darda Stower,dstowerk9@quantcast.com,3087 Glendale Court
Luella Virgin,lvirginka@princeton.edu,00756 Norway Maple Street
Pincus Hansemann,phansemannkb@wisc.edu,219 Stephen Parkway
Sancho Firsby,sfirsbykc@dailymail.co.uk,4713 Bluestem Plaza
Gerta Billsberry,gbillsberrykd@bravesites.com,1847 Shoshone Parkway
Tiff Marrett,tmarrettke@eepurl.com,8995 Tomscot Court
Riobard Issard,rissardkf@mediafire.com,24673 Florence Court
Odilia Coat,ocoatkg@zimbio.com,9816 Cambridge Avenue
Silvan Whitcomb,swhitcombkh@shop-pro.jp,1 Melvin Court
Melinde Lunt,mluntki@cbslocal.com,0 Merry Hill
Ofelia Faughey,ofaugheykj@army.mil,54787 High Crossing Park
Quill Olifard,qolifardkk@dedecms.com,40749 Vermont Center
Gabey Wyman,gwymankl@taobao.com,5852 Sachs Parkway
Banky BoHlingolsen,bbohlingolsenkm@flavors.me,84 Reindahl Circle
George Bagehot,gbagehotkn@aboutads.info,518 Golf Course Terrace
Myrtia Cowmeadow,mcowmeadowko@parallels.com,693 Homewood Place
Emlyn Kain,ekainkp@diigo.com,56 Aberg Pass
Jeane Earley,jearleykq@webnode.com,408 Lotheville Plaza
Dore Forten,dfortenkr@reuters.com,1790 Bluestem Circle
Baudoin Eickhoff,beickhoffks@slashdot.org,00326 Ronald Regan Point
Kin Bessent,kbessentkt@who.int,86 Reindahl Road
Sandro Stanbro,sstanbroku@woothemes.com,4 Birchwood Plaza
Kylie Lindenberg,klindenbergkv@elpais.com,5 Mayfield Avenue
Reagen Billingham,rbillinghamkw@mail.ru,46 Kipling Trail
Sibylla Dron,sdronkx@exblog.jp,2648 Knutson Circle
Casper Mayor,cmayorky@discovery.com,0757 Sherman Trail
Ainslee Greengrass,agreengrasskz@wp.com,157 Hoffman Plaza
Rhett Pauncefoot,rpauncefootl0@topsy.com,9948 Hauk Alley
Marnie Gettens,mgettensl1@a8.net,5 Graedel Park
Tansy Edling,tedlingl2@artisteer.com,29322 Talmadge Hill
Devy Casbon,dcasbonl3@weebly.com,72 Redwing Hill
Fran Tofts,ftoftsl4@toplist.cz,63180 Dryden Hill
Thorpe Baudinelli,tbaudinellil5@harvard.edu,904 Fremont Center
Casar Martinot,cmartinotl6@dropbox.com,46 Spaight Hill
Ches Rontree,crontreel7@reference.com,4969 3rd Park
Mart Frowd,mfrowdl8@redcross.org,025 Debs Drive
Lynnet Corkish,lcorkishl9@tmall.com,8683 Golden Leaf Center
Kamila Halstead,khalsteadla@java.com,294 Springs Road
Dino Danton,ddantonlb@usda.gov,054 Transport Court
Joscelin Augar,jaugarlc@msu.edu,1702 Pankratz Pass
Hazlett Bauduccio,hbauducciold@ox.ac.uk,2 Surrey Place
Margalit Shemmans,mshemmansle@ocn.ne.jp,5202 Karstens Pass
Valma Cheyenne,vcheyennelf@sun.com,3706 Hoard Pass
Ameline Recher,arecherlg@noaa.gov,0125 Merrick Street
Gerardo D'Antuoni,gdantuonilh@g.co,65 Roth Plaza
Suzann Copestake,scopestakeli@godaddy.com,163 Tennessee Park
Janna Prestage,jprestagelj@hao123.com,3 Dexter Street
Linc Callicott,lcallicottlk@berkeley.edu,1 Lyons Avenue
Shurwood Tennet,stennetll@google.pl,54 Scoville Lane
Lyn O' Mahony,lolm@un.org,0981 Nobel Avenue
Justina Strawbridge,jstrawbridgeln@imdb.com,8 Maple Circle
Cesaro Foran,cforanlo@aboutads.info,3 Oneill Drive
Lesli Somerfield,lsomerfieldlp@arizona.edu,39 Arrowood Road
Aura Cripin,acripinlq@cbsnews.com,840 Judy Court
Addia Dever,adeverlr@blogtalkradio.com,10166 Muir Trail
Zerk McPhillips,zmcphillipsls@woothemes.com,086 La Follette Hill
Elana Levinge,elevingelt@devhub.com,8 Crowley Junction
Shayne Michelet,smicheletlu@ucoz.ru,1 Spaight Road
Willi Westcarr,wwestcarrlv@free.fr,0 Warrior Street
Theresa Papes,tpapeslw@wired.com,2898 Ridge Oak Trail
Malissia Gouny,mgounylx@huffingtonpost.com,06916 Crowley Alley
Adel Afonso,aafonsoly@dyndns.org,8547 Thierer Alley
Thea Ruos,truoslz@wsj.com,3138 Tony Pass
Rochelle Pilger,rpilgerm0@timesonline.co.uk,282 Bluestem Park
Aile Odeson,aodesonm1@wired.com,2 Parkside Street
Hugh Dinsdale,hdinsdalem2@zdnet.com,62 Upham Pass
Donaugh Covely,dcovelym3@netlog.com,850 Crownhardt Point
Micah Oiseau,moiseaum4@google.fr,9504 Quincy Way
Venita Cejka,vcejkam5@mail.ru,801 Golden Leaf Circle
Arri Zanicchi,azanicchim6@opera.com,8 4th Park
Felic Wales,fwalesm7@issuu.com,4208 Lakewood Gardens Way
Sadie Duffy,sduffym8@mozilla.com,54774 Fulton Place
Corrinne Labet,clabetm9@networksolutions.com,8635 Bashford Street
Griffith Petrushkevich,gpetrushkevichma@europa.eu,7001 Golf View Place
Romeo Inold,rinoldmb@tinypic.com,479 Burrows Alley
Ferdinanda Keri,fkerimc@nifty.com,97 Burrows Point
Chevalier Darlow,cdarlowmd@nsw.gov.au,25 Morrow Drive
Cordy Lightbourne,clightbourneme@telegraph.co.uk,3 Grayhawk Lane
Towney Guly,tgulymf@about.com,14102 Mallory Terrace
Gisela Hindge,ghindgemg@bloglovin.com,7 Fair Oaks Point
Stanleigh Faireclough,sfairecloughmh@mozilla.com,83 Basil Trail
Sidoney Tillard,stillardmi@cnbc.com,743 Sutherland Avenue
Fran Garrod,fgarrodmj@google.ru,5 Steensland Parkway
Cory Dimitriou,cdimitrioumk@washingtonpost.com,5 Westend Avenue
Garry Shearmer,gshearmerml@whitehouse.gov,30 Division Crossing
Aile Lark,alarkmm@themeforest.net,6 Almo Lane
Kaila Cossans,kcossansmn@issuu.com,175 Scott Pass
Henderson Gewer,hgewermo@webeden.co.uk,1896 Reindahl Point
Isador Gager,igagermp@toplist.cz,54653 Sunnyside Junction
Hailey Trevaskus,htrevaskusmq@jalbum.net,4 Farwell Street
Gaby Keatch,gkeatchmr@spiegel.de,8 Melby Road
Sal Looker,slookerms@wikia.com,3637 Surrey Way
Malena Maslen,mmaslenmt@cpanel.net,18875 Fallview Hill
Windham Reeve,wreevemu@bandcamp.com,24 Waubesa Terrace
Marcelo Trayhorn,mtrayhornmv@nih.gov,36 Warrior Alley
Margi Marchington,mmarchingtonmw@creativecommons.org,96 Vermont Lane
Madelaine Fernihough,mfernihoughmx@people.com.cn,8661 Corry Terrace
Beret Pauncefoot,bpauncefootmy@mapy.cz,5 Redwing Hill
Wiatt Polglaze,wpolglazemz@seesaa.net,0029 Logan Court
Gawen Medlen,gmedlenn0@feedburner.com,90 Lighthouse Bay Center
Karen Ivanyushkin,kivanyushkinn1@google.ru,2612 Judy Avenue
Adams Gyver,agyvern2@google.com.au,43654 Scoville Avenue
Meggi Donovan,mdonovann3@edublogs.org,98109 Memorial Road
Keenan Ditch,kditchn4@privacy.gov.au,54 Southridge Avenue
Robers Anscombe,ranscomben5@irs.gov,4684 Cambridge Trail
Christiane Govey,cgoveyn6@flavors.me,833 Meadow Valley Center
Lelah Clements,lclementsn7@cnbc.com,4783 Rutledge Lane
Bo Cholmondeley,bcholmondeleyn8@irs.gov,40 Sunbrook Court
Laetitia Kochlin,lkochlinn9@prlog.org,9802 Anthes Hill
Starla Shead,ssheadna@blogger.com,37 Melody Way
Mikel Postlewhite,mpostlewhitenb@vinaora.com,3 Kennedy Junction
Nadine Chaytor,nchaytornc@indiatimes.com,43 Pine View Parkway
Brewster Lathbury,blathburynd@posterous.com,40684 Nevada Crossing
Gnni De Carolis,gdene@disqus.com,61551 Anzinger Junction
Marthe Orgen,morgennf@mashable.com,0647 Dakota Hill
Francisco Riddington,friddingtonng@sourceforge.net,3 Pleasure Avenue
Kym Clyant,kclyantnh@tuttocitta.it,64602 Warbler Drive
Melba Brader,mbraderni@bbb.org,85 Di Loreto Junction
Celestia Devonside,cdevonsidenj@jiathis.com,16527 Arizona Street
Neila Skokoe,nskokoenk@blog.com,24 Knutson Avenue
Avictor McLellan,amclellannl@squarespace.com,122 Thackeray Hill
Clyve Schellig,cschellignm@netvibes.com,6896 Washington Place
Maiga Pescud,mpescudnn@umich.edu,2487 Marcy Drive
Van Whitter,vwhitterno@homestead.com,4 Bobwhite Crossing
Andrej Mackley,amackleynp@shareasale.com,6 Independence Court
Alameda Belding,abeldingnq@indiatimes.com,52853 Petterle Parkway
Gisella Guinness,gguinnessnr@digg.com,76109 Columbus Park
Marshal Perrat,mperratns@themeforest.net,49 Judy Plaza
Lettie Pettigrew,lpettigrewnt@zimbio.com,7 Lukken Hill
Jerad Juszkiewicz,jjuszkiewicznu@independent.co.uk,34 Green Crossing
Adele Sclanders,asclandersnv@sogou.com,4 Gale Parkway
Georgeanne MacCurley,gmaccurleynw@pagesperso-orange.fr,6 Bobwhite Hill
Fawne Robinett,frobinettnx@hp.com,7888 Dixon Alley
Torie de Clerk,tdeny@yale.edu,7756 Anniversary Court
Vittoria Heggie,vheggienz@techcrunch.com,69766 Fulton Drive
Celle O'Donovan,codonovano0@wisc.edu,8604 Kings Center
Tomi Prinett,tprinetto1@rediff.com,34 Donald Court
Fawne Mitchall,fmitchallo2@archive.org,1892 Emmet Parkway
Lindsay Heisman,lheismano3@bigcartel.com,54 Toban Lane
Garold Guwer,gguwero4@t-online.de,07764 Magdeline Junction
Loralyn Curedell,lcuredello5@sbwire.com,48525 Cody Hill
Harry Saull,hsaullo6@princeton.edu,7 Anderson Drive
Linnea Chatband,lchatbando7@hao123.com,283 Harper Center
Oralie Hastin,ohastino8@alexa.com,6488 Mariners Cove Parkway
Mollee MacCumeskey,mmaccumeskeyo9@ning.com,10432 Maple Wood Lane
Hannis Weldrick,hweldrickoa@newsvine.com,5182 Fulton Crossing
Lorelle Tull,ltullob@cafepress.com,8636 Eggendart Alley
Marti Brickham,mbrickhamoc@squarespace.com,3 Melody Point
Aurelie Camelin,acamelinod@columbia.edu,398 Sage Lane
Lorenzo Ead,leadoe@nationalgeographic.com,2395 Warrior Plaza
Darius Hablet,dhabletof@bbb.org,40913 Old Shore Avenue
Trenna Kennedy,tkennedyog@mediafire.com,4641 Nancy Junction
Calv Coslitt,ccoslittoh@auda.org.au,227 Thierer Terrace
Lavina Sleit,lsleitoi@jiathis.com,5272 Melvin Street
Torrie Towndrow,ttowndrowoj@bluehost.com,8 Maywood Pass
Bret Mole,bmoleok@businesswire.com,88 Carey Circle
Steward Morl,smorlol@businessweek.com,79397 Sage Center
Frederique Guttridge,fguttridgeom@delicious.com,71 Surrey Trail
Gustavo Drei,gdreion@w3.org,220 Bluejay Park
Elyssa Sugden,esugdenoo@chicagotribune.com,0552 Sloan Circle
Rudd Brignell,rbrignellop@sourceforge.net,32098 Magdeline Terrace
Basil Murison,bmurisonoq@yale.edu,5400 Vermont Street
Brendis Enos,benosor@blogtalkradio.com,8 Merchant Avenue
Michele Humerstone,mhumerstoneos@economist.com,8428 Fair Oaks Hill
Martica Renals,mrenalsot@scientificamerican.com,80 Larry Pass
Beryle Checketts,bcheckettsou@who.int,37 Sheridan Plaza
Amberly Longcake,alongcakeov@google.de,3885 Burning Wood Road
Meta Baruch,mbaruchow@trellian.com,57690 Graedel Crossing
Melvin Totterdell,mtotterdellox@com.com,93 Pawling Way
Florence Stribbling,fstribblingoy@parallels.com,5406 Mitchell Junction
Sander Millom,smillomoz@taobao.com,79332 Farwell Road
Rochelle Miche,rmichep0@yelp.com,4265 Meadow Vale Crossing
Aldric Gravy,agravyp1@nsw.gov.au,71 Quincy Court
Tamar Chessill,tchessillp2@nba.com,797 Buhler Junction
Karol Whybrow,kwhybrowp3@yale.edu,724 Atwood Road
Sallie Isenor,sisenorp4@eepurl.com,724 Superior Circle
Diandra Hakes,dhakesp5@webmd.com,992 Marquette Road
Shanta Witton,swittonp6@surveymonkey.com,912 Monica Parkway
Ambrose Janku,ajankup7@goo.ne.jp,3 Pepper Wood Way
Hyacinthe Andryushchenko,handryushchenkop8@rakuten.co.jp,41 Hintze Street
Celinda Totman,ctotmanp9@chron.com,712 Jenna Avenue
Ezekiel Pedri,epedripa@wordpress.com,9 Carioca Place
Libbi Gosalvez,lgosalvezpb@networksolutions.com,64325 Rusk Circle
Vivyanne Croot,vcrootpc@sitemeter.com,585 Prentice Trail
Quent Alliband,qallibandpd@dagondesign.com,29 Eliot Terrace
Orsa Jahner,ojahnerpe@addthis.com,9072 Del Mar Crossing
Brose Pounder,bpounderpf@jimdo.com,28569 South Pass
Talyah Lepard,tlepardpg@instagram.com,9 Moland Hill
Ab Scrafton,ascraftonph@nifty.com,68060 Marcy Parkway
Xaviera Callaghan,xcallaghanpi@soundcloud.com,77306 Blackbird Parkway
Kirby Dovydenas,kdovydenaspj@amazon.de,309 Crescent Oaks Hill
Jada Boothebie,jboothebiepk@usatoday.com,89198 Novick Junction
Collin Dybell,cdybellpl@constantcontact.com,198 Merrick Terrace
Rora Malkin,rmalkinpm@yahoo.com,94004 Sutteridge Pass
Paten Lapthorne,plapthornepn@youtu.be,628 Grover Crossing
Rosemaria Kubiak,rkubiakpo@arstechnica.com,29975 Rigney Lane
Hashim Lafaye,hlafayepp@pinterest.com,31 Forest Plaza
Gaspar Blaker,gblakerpq@wired.com,1 Weeping Birch Alley
Cassandre McCrie,cmccriepr@plala.or.jp,0 Blaine Lane
Dillon Barttrum,dbarttrumps@cornell.edu,7624 Glacier Hill Crossing
Aliza Tregunna,atregunnapt@imageshack.us,678 Dayton Avenue
Salomo Tzuker,stzukerpu@netscape.com,63 Mockingbird Trail
Dylan Toderini,dtoderinipv@istockphoto.com,46 Thierer Junction
Edithe Fergusson,efergussonpw@miitbeian.gov.cn,875 Bunting Circle
Meris Arnaudin,marnaudinpx@icq.com,4548 Laurel Place
Trude Hills,thillspy@bloglovin.com,577 Tennessee Crossing
Jillana Ebbett,jebbettpz@storify.com,141 Columbus Parkway
Riordan Dionisetto,rdionisettoq0@dropbox.com,69712 Hoffman Plaza
Tally Jacks,tjacksq1@nasa.gov,58 Fremont Terrace
Anallese Shillaker,ashillakerq2@artisteer.com,15 Bluejay Parkway
Andrus Thame,athameq3@networkadvertising.org,4 Buell Circle
Melina Wildblood,mwildbloodq4@weebly.com,9418 Charing Cross Terrace
Linell McLinden,lmclindenq5@wisc.edu,49 Kenwood Court
Ozzy Georgins,ogeorginsq6@fda.gov,8955 Forest Dale Plaza
Catina Brimley,cbrimleyq7@newyorker.com,22 Loeprich Terrace
Aeriel Redmain,aredmainq8@acquirethisname.com,357 Mosinee Crossing
Ailina Forton,afortonq9@google.com.hk,72 Manufacturers Circle
Jedidiah Shillinglaw,jshillinglawqa@si.edu,193 Daystar Parkway
Cordelia Morales,cmoralesqb@about.com,14214 Londonderry Way
Lynnea Gravy,lgravyqc@clickbank.net,057 Jackson Place
Alice Milberry,amilberryqd@flavors.me,79594 Main Park
Melisa Ladd,mladdqe@alibaba.com,14290 Eagan Circle
Sarene Mattessen,smattessenqf@census.gov,258 Lakewood Gardens Trail
Palmer Yakobowitch,pyakobowitchqg@yahoo.com,575 Butternut Junction
Tiffie Rabbatts,trabbattsqh@digg.com,9527 Farmco Terrace
Alfonso Pettit,apettitqi@sciencedirect.com,0575 Coleman Drive
Diena Ledwith,dledwithqj@vinaora.com,5546 Pawling Trail
Christiane Heine,cheineqk@google.co.uk,32 Northport Avenue
Heywood Abelevitz,habelevitzql@bluehost.com,95 Carey Circle
Lothario Martelet,lmarteletqm@examiner.com,69769 Pennsylvania Way
Sondra Bultitude,sbultitudeqn@yahoo.co.jp,7 Longview Drive
Daryn Shergold,dshergoldqo@t.co,7 Anhalt Parkway
Foss Cannicott,fcannicottqp@canalblog.com,4 Mitchell Point
Sharline Brownlee,sbrownleeqq@shinystat.com,239 Corry Court
Fayth Dewett,fdewettqr@shutterfly.com,00 Hooker Place
Rosemarie Huggons,rhuggonsqs@gmpg.org,003 Chive Drive
Corrianne Goodred,cgoodredqt@desdev.cn,8 Boyd Place
Gaylord McCudden,gmccuddenqu@arstechnica.com,991 Riverside Junction
Zachery Gurton,zgurtonqv@chicagotribune.com,5604 Ludington Way
Kendrick Panter,kpanterqw@nps.gov,94 Hanson Street
Annissa Thacker,athackerqx@home.pl,4 Glendale Trail
Jaquenetta Jimmes,jjimmesqy@ucoz.ru,57282 Gerald Pass
Gennie Huckerby,ghuckerbyqz@globo.com,81772 Atwood Way
Baird Karran,bkarranr0@buzzfeed.com,3 Lakewood Gardens Pass
Lynett Sizzey,lsizzeyr1@uiuc.edu,09 Pepper Wood Lane
Leelah Coston,lcostonr2@ca.gov,0373 Northwestern Crossing
Flo Gadd,fgaddr3@merriam-webster.com,2167 Montana Center
Morlee Edgeworth,medgeworthr4@microsoft.com,8842 Crownhardt Parkway
Ainsley Matej,amatejr5@tumblr.com,28 Susan Park
Kandace Giannasi,kgiannasir6@infoseek.co.jp,7898 Nobel Plaza
Shea Nealy,snealyr7@networkadvertising.org,323 Schlimgen Hill
Vivie Symonds,vsymondsr8@newsvine.com,0 Barnett Junction
Adele March,amarchr9@who.int,661 8th Trail
Sherwynd Bawcock,sbawcockra@google.com.au,48 Beilfuss Way
Jarvis Rutley,jrutleyrb@vistaprint.com,310 Killdeer Pass
Nikolos Antoszewski,nantoszewskirc@sciencedaily.com,8 Rockefeller Trail
Wittie Deacon,wdeaconrd@ucoz.ru,19226 Cottonwood Center
Homerus Erni,hernire@twitter.com,229 Spohn Road
Julietta Chillingsworth,jchillingsworthrf@theguardian.com,145 Mayer Way
Lisle Gratton,lgrattonrg@nhs.uk,6663 Golf Center
Joshua Gimbart,jgimbartrh@wordpress.com,5 Johnson Street
Agathe Lettington,alettingtonri@foxnews.com,60 Crowley Terrace
Guinna Boord,gboordrj@issuu.com,4 Burrows Center
Raquela Mollon,rmollonrk@telegraph.co.uk,062 Declaration Crossing
Nertie Hesser,nhesserrl@livejournal.com,3375 Algoma Crossing
Zack Preator,zpreatorrm@ucoz.com,619 Sullivan Street
Willa Piggins,wpigginsrn@behance.net,377 Stone Corner Avenue
Freddy Eckersall,feckersallro@squarespace.com,733 Shoshone Pass
Tuck Allport,tallportrp@who.int,0 Dahle Parkway
Marielle Jurewicz,mjurewiczrq@admin.ch,28100 Meadow Vale Street
Jillie Ceeley,jceeleyrr@google.fr,8080 Stephen Terrace